-- phpMyAdmin SQL Dump
-- version 5.2.1deb1
-- https://www.phpmyadmin.net/
--
-- Hôte : localhost:3306
-- Généré le : jeu. 16 jan. 2025 à 00:04
-- Version du serveur : 10.11.6-MariaDB-0+deb12u1
-- Version de PHP : 8.2.26

SET SQL_MODE = "NO_AUTO_VALUE_ON_ZERO";
START TRANSACTION;
SET time_zone = "+00:00";


/*!40101 SET @OLD_CHARACTER_SET_CLIENT=@@CHARACTER_SET_CLIENT */;
/*!40101 SET @OLD_CHARACTER_SET_RESULTS=@@CHARACTER_SET_RESULTS */;
/*!40101 SET @OLD_COLLATION_CONNECTION=@@COLLATION_CONNECTION */;
/*!40101 SET NAMES utf8mb4 */;

--
-- Base de données : `chronoVDR`
--

-- --------------------------------------------------------

--
-- Structure de la table `activites`
--

CREATE TABLE `activites` (
  `id` int(11) NOT NULL,
  `nom` varchar(32) NOT NULL DEFAULT 'sans_nom',
  `organisateur` varchar(32) NOT NULL DEFAULT 'sans_nom',
  `password` char(40) DEFAULT NULL,
  `date_activite` datetime NOT NULL DEFAULT current_timestamp(),
  `vue` varchar(32) DEFAULT NULL,
  `repetition` varchar(10) DEFAULT NULL,
  `identification` varchar(10) DEFAULT NULL,
  `nb_max` int(11) DEFAULT 10,
  `temps_max` time DEFAULT '00:10:00',
  `update_time` datetime(1) DEFAULT NULL,
  `etat` tinyint(1) NOT NULL DEFAULT 0
) ENGINE=InnoDB DEFAULT CHARSET=utf8mb4 COLLATE=utf8mb4_general_ci;

--
-- Déchargement des données de la table `activites`
--

INSERT INTO `activites` (`id`, `nom`, `organisateur`, `password`, `date_activite`, `vue`, `repetition`, `identification`, `nb_max`, `temps_max`, `update_time`, `etat`) VALUES
(11, 'TP Arduino 4E', 'Gérard LEON', NULL, '2025-01-07 09:30:00', 'chrono.php', 'passages', 'rfid', 20, '01:00:00', '2025-01-15 23:57:15.0', 2),
(12, 'TP Arduino 4B', 'Gérard LEON', NULL, '2025-01-07 10:30:00', 'chrono.php', 'passages', 'rfid', 20, '01:00:00', '0000-00-00 00:00:00.0', 0),
(14, 'Mesure physiques', 'Anne Laure Shon', NULL, '2025-01-08 08:00:00', 'course_temps_limite.php', 'essais', 'materiel', 10, '01:00:00', '0000-00-00 00:00:00.0', 0),
(15, 'TP Arduino 4D', 'Gérard LEON', NULL, '2024-01-10 10:30:00', 'chrono.php', 'passages', 'rfid', 20, '01:00:00', '0000-00-00 00:00:00.0', 0);

-- --------------------------------------------------------

--
-- Structure de la table `datas`
--

CREATE TABLE `datas` (
  `id` int(11) NOT NULL,
  `id_participant` int(11) NOT NULL,
  `id_activite` int(11) NOT NULL,
  `data` float DEFAULT NULL,
  `temps` datetime DEFAULT NULL
) ENGINE=InnoDB DEFAULT CHARSET=utf8mb4 COLLATE=utf8mb4_general_ci;

--
-- Déchargement des données de la table `datas`
--

INSERT INTO `datas` (`id`, `id_participant`, `id_activite`, `data`, `temps`) VALUES
(632, 396, 14, 22, '2025-01-13 08:11:08'),
(633, 396, 14, 22, '2025-01-13 08:11:38'),
(634, 396, 14, 22, '2025-01-13 08:12:12'),
(635, 396, 14, 23, '2025-01-13 08:12:28'),
(636, 396, 14, 24, '2025-01-13 08:12:48'),
(637, 396, 14, 24, '2025-01-13 08:13:03'),
(638, 396, 14, 23, '2025-01-13 08:13:11'),
(639, 396, 14, 23, '2025-01-13 08:13:38'),
(640, 396, 14, 23, '2025-01-13 08:13:48'),
(641, 396, 14, 23, '2025-01-13 08:13:49'),
(642, 396, 14, 23, '2025-01-13 08:13:51'),
(643, 396, 14, 23, '2025-01-13 08:13:52'),
(644, 396, 14, 23, '2025-01-13 08:13:53'),
(645, 396, 14, 23, '2025-01-13 08:17:34'),
(646, 396, 14, 22, '2025-01-13 08:17:40'),
(647, 396, 14, 23, '2025-01-13 08:17:48'),
(648, 396, 14, 23, '2025-01-13 08:17:50'),
(649, 396, 14, 22, '2025-01-13 08:17:51'),
(650, 396, 14, 23, '2025-01-13 08:17:52'),
(651, 396, 14, 23, '2025-01-13 08:18:05'),
(652, 396, 14, 23, '2025-01-13 08:18:09'),
(653, 396, 14, 23, '2025-01-13 08:18:10'),
(654, 396, 14, 22, '2025-01-13 08:18:11'),
(668, 372, 15, NULL, '2025-01-13 10:10:45'),
(669, 372, 15, NULL, '2025-01-13 10:10:52'),
(670, 372, 15, NULL, '2025-01-13 10:16:48'),
(671, 372, 15, NULL, '2025-01-13 10:18:14'),
(672, 372, 15, NULL, '2025-01-13 10:18:18'),
(673, 372, 15, NULL, '2025-01-13 10:21:37'),
(674, 375, 15, NULL, '2025-01-13 10:21:42'),
(675, 375, 15, NULL, '2025-01-13 10:21:49'),
(676, 372, 15, NULL, '2025-01-13 10:21:52'),
(677, 372, 15, NULL, '2025-01-13 10:22:04'),
(678, 375, 15, NULL, '2025-01-13 10:22:09'),
(679, 375, 15, NULL, '2025-01-13 10:22:17'),
(680, 372, 15, NULL, '2025-01-13 10:23:52'),
(681, 375, 15, NULL, '2025-01-13 10:23:57'),
(682, 377, 15, NULL, '2025-01-13 10:41:04'),
(683, 377, 15, NULL, '2025-01-13 10:41:09'),
(684, 377, 15, NULL, '2025-01-13 10:41:14'),
(685, 377, 15, NULL, '2025-01-13 10:41:27');

-- --------------------------------------------------------

--
-- Structure de la table `participants`
--

CREATE TABLE `participants` (
  `id` int(11) NOT NULL,
  `id_user` int(11) NOT NULL,
  `id_activite` int(11) NOT NULL,
  `ref_id` varchar(8) DEFAULT NULL,
  `association` int(11) DEFAULT NULL
) ENGINE=InnoDB DEFAULT CHARSET=utf8mb4 COLLATE=utf8mb4_general_ci;

--
-- Déchargement des données de la table `participants`
--

INSERT INTO `participants` (`id`, `id_user`, `id_activite`, `ref_id`, `association`) VALUES
(316, 1583, 11, NULL, NULL),
(317, 1584, 11, NULL, NULL),
(318, 1585, 11, '74E7145B', NULL),
(319, 1586, 11, 'D37DED27', NULL),
(320, 1587, 11, '93F20D28', NULL),
(321, 1588, 11, '239D0428', NULL),
(322, 1589, 11, '0472665E', NULL),
(323, 1590, 11, 'DB4EAD50', NULL),
(324, 1591, 11, NULL, 324),
(325, 1592, 11, NULL, NULL),
(326, 1593, 11, NULL, NULL),
(327, 1594, 11, NULL, 324),
(328, 1595, 11, NULL, NULL),
(329, 1596, 11, NULL, NULL),
(330, 1597, 11, NULL, NULL),
(331, 1598, 11, NULL, NULL),
(332, 1599, 11, NULL, NULL),
(333, 1600, 11, NULL, NULL),
(334, 1601, 11, NULL, NULL),
(335, 1602, 11, NULL, NULL),
(336, 1603, 11, NULL, 324),
(337, 1604, 11, NULL, NULL),
(338, 1605, 11, NULL, NULL),
(339, 1606, 11, NULL, NULL),
(340, 1607, 11, NULL, NULL),
(341, 1608, 11, NULL, NULL),
(342, 1609, 11, NULL, NULL),
(343, 1504, 12, NULL, NULL),
(344, 1505, 12, NULL, NULL),
(345, 1506, 12, NULL, NULL),
(346, 1507, 12, NULL, NULL),
(347, 1508, 12, NULL, NULL),
(348, 1509, 12, NULL, NULL),
(349, 1510, 12, NULL, NULL),
(350, 1511, 12, NULL, NULL),
(351, 1512, 12, NULL, NULL),
(352, 1513, 12, NULL, NULL),
(353, 1514, 12, NULL, NULL),
(354, 1515, 12, NULL, NULL),
(355, 1516, 12, NULL, NULL),
(356, 1517, 12, NULL, NULL),
(357, 1518, 12, NULL, NULL),
(358, 1519, 12, NULL, NULL),
(359, 1520, 12, NULL, NULL),
(360, 1521, 12, NULL, NULL),
(361, 1522, 12, NULL, NULL),
(362, 1523, 12, NULL, NULL),
(363, 1524, 12, NULL, NULL),
(364, 1525, 12, NULL, NULL),
(365, 1526, 12, NULL, NULL),
(366, 1527, 12, NULL, NULL),
(367, 1528, 12, NULL, NULL),
(368, 1529, 12, NULL, NULL),
(369, 1556, 15, NULL, NULL),
(370, 1557, 15, NULL, NULL),
(371, 1558, 15, NULL, NULL),
(372, 1559, 15, 'DB4EAD50', 372),
(373, 1560, 15, NULL, 372),
(374, 1561, 15, NULL, NULL),
(375, 1562, 15, 'D37DED27', 375),
(376, 1563, 15, NULL, 375),
(377, 1564, 15, '74E7145B', 377),
(378, 1565, 15, NULL, NULL),
(379, 1566, 15, NULL, NULL),
(380, 1567, 15, NULL, 372),
(381, 1568, 15, NULL, NULL),
(382, 1569, 15, NULL, 375),
(383, 1570, 15, NULL, NULL),
(384, 1571, 15, NULL, 377),
(385, 1572, 15, NULL, NULL),
(386, 1573, 15, NULL, NULL),
(387, 1574, 15, NULL, NULL),
(388, 1575, 15, NULL, 372),
(389, 1576, 15, NULL, NULL),
(390, 1577, 15, NULL, 375),
(391, 1578, 15, NULL, NULL),
(392, 1579, 15, NULL, NULL),
(393, 1580, 15, NULL, 375),
(394, 1581, 15, NULL, NULL),
(395, 1582, 15, NULL, NULL),
(396, 1939, 14, '1', NULL),
(397, 1941, 14, NULL, NULL);

-- --------------------------------------------------------

--
-- Structure de la table `users`
--

CREATE TABLE `users` (
  `id` int(11) NOT NULL,
  `nom` varchar(32) NOT NULL,
  `prenom` varchar(32) NOT NULL,
  `classe` varchar(8) NOT NULL DEFAULT 'n_classé',
  `nais` varchar(10) DEFAULT NULL
) ENGINE=InnoDB DEFAULT CHARSET=utf8mb4 COLLATE=utf8mb4_general_ci;

--
-- Déchargement des données de la table `users`
--

INSERT INTO `users` (`id`, `nom`, `prenom`, `classe`, `nais`) VALUES
(1347, 'RIMBAULT', 'Anthone', '3A', NULL),
(1348, 'VOSGHIEN', 'Tim', '3A', NULL),
(1349, 'ALLAIN', 'Agathe', '3A', NULL),
(1350, 'ALLAIN', 'Axelle', '3A', NULL),
(1351, 'ANISIS', 'Gabin', '3A', NULL),
(1352, 'BESRET', 'Mateo', '3A', NULL),
(1353, 'CAILLY', 'Noe', '3A', NULL),
(1354, 'CHEVALIER', 'Nolan', '3A', NULL),
(1355, 'DUCHESNE', 'Thibaud', '3A', NULL),
(1356, 'DUMAS JAVAUDIN', 'Johann', '3A', NULL),
(1357, 'GAULTIER', 'Lilou', '3A', NULL),
(1358, 'GOUMONT', 'Kaina', '3A', NULL),
(1359, 'HARDY', 'Gwendoline', '3A', NULL),
(1360, 'HARROUARD', 'Lilly', '3A', NULL),
(1361, 'HUDE', 'Juliette', '3A', NULL),
(1362, 'LE GAT', 'Maelann', '3A', NULL),
(1363, 'PELETTE', 'Renan', '3A', NULL),
(1364, 'REAUD', 'Lou', '3A', NULL),
(1365, 'RICHARDSON', 'Mael', '3A', NULL),
(1366, 'RUEL', 'Soann', '3A', NULL),
(1367, 'SOULOUMIAC', 'Lenny', '3A', NULL),
(1368, 'VORIMORE', 'Malo', '3A', NULL),
(1369, 'ADAM BUFFET', 'Kelia', '3A', NULL),
(1370, 'CORREIA CHESNAIS', 'Louis-Marie', '3A', NULL),
(1371, 'LEROY', 'Cindele', '3A', NULL),
(1372, 'LE TINEVEZ', 'Kenan', '3A', NULL),
(1373, 'LECOT', 'Esteban', '3A', NULL),
(1374, 'ALLANIC', 'Louise', '3B', NULL),
(1375, 'BARON', 'Milo', '3B', NULL),
(1376, 'BELLANGER', 'Maevann', '3B', NULL),
(1377, 'BONTE', 'Yann-Arthur', '3B', NULL),
(1378, 'BUGAULT BAUDIN', 'Lorenzo', '3B', NULL),
(1379, 'CARBOULLEC POILDEVIN', 'Ashley', '3B', NULL),
(1380, 'DELAUNAY', 'Sacha', '3B', NULL),
(1381, 'DOS SANTOS LECLERC', 'Tristan', '3B', NULL),
(1382, 'FIEURGANT', 'Bleuenn', '3B', NULL),
(1383, 'GARNIER', 'Nohlan', '3B', NULL),
(1384, 'GAUDIN BRIAND', 'Anais', '3B', NULL),
(1385, 'HERVE', 'Maelynn', '3B', NULL),
(1386, 'ISHIZUKA MARTIN', 'Misaki', '3B', NULL),
(1387, 'JAMOT', 'Tess', '3B', NULL),
(1388, 'JEZEGOU', 'Louis', '3B', NULL),
(1389, 'KYALWE MWINZA LUBI', 'Theo', '3B', NULL),
(1390, 'LABARRE', 'Elise', '3B', NULL),
(1391, 'LENOIR', 'Laig', '3B', NULL),
(1392, 'LOIT', 'Charles-Ely', '3B', NULL),
(1393, 'LUNEL CASCARINO', 'Nino', '3B', NULL),
(1394, 'MACE', 'Ethan', '3B', NULL),
(1395, 'MICHELET DUVAL', 'Elio', '3B', NULL),
(1396, 'SALIS HERTZOG', 'Pauline', '3B', NULL),
(1397, 'TRIBALET', 'Timeo', '3B', NULL),
(1398, 'GHERIB', 'Zakaria', '3B', NULL),
(1399, 'WEIL', 'Louna', '3B', NULL),
(1400, 'VANDOORN DEBETTE', 'Diane', '3B', NULL),
(1401, 'MENORET', 'Louane', '3C', NULL),
(1402, 'ADAM', 'Constance', '3C', NULL),
(1403, 'ALLIET', 'Paolo', '3C', NULL),
(1404, 'AVENET', 'Milia', '3C', NULL),
(1405, 'BOISHARDY', 'Louis', '3C', NULL),
(1406, 'BOIXIERE', 'Leelou', '3C', NULL),
(1407, 'BOULANGER SALMON', 'Manon', '3C', NULL),
(1408, 'BRIFFAUD BOUGEARD', 'Talia', '3C', NULL),
(1409, 'DE MONTGOLFIER', 'Garance', '3C', NULL),
(1410, 'DI MARIA', 'Paul', '3C', NULL),
(1411, 'DUFAIT', 'Robin', '3C', NULL),
(1412, 'DUSSIEL', 'Mailys', '3C', NULL),
(1413, 'GANGLOFF', 'Alice', '3C', NULL),
(1414, 'GAUTIER', 'Yann', '3C', NULL),
(1415, 'LE COZ', 'Celia', '3C', NULL),
(1416, 'LEMONNIER', 'Alice', '3C', NULL),
(1417, 'LEROUVILLOIS', 'Marceau', '3C', NULL),
(1418, 'MARTIN ATTOUMANI DJAE', 'Yanis', '3C', NULL),
(1419, 'ORIEUX', 'Titouan', '3C', NULL),
(1420, 'PAIN', 'Lucian', '3C', NULL),
(1421, 'PASQUIOU', 'Quentin', '3C', NULL),
(1422, 'ROTY', 'Alan', '3C', NULL),
(1423, 'ROUX', 'Mathys', '3C', NULL),
(1424, 'TREMEAU', 'Lenny', '3C', NULL),
(1425, 'VALAIS', 'Mylan', '3C', NULL),
(1426, 'SINAY', 'Ethan', '3C', NULL),
(1427, 'BESANCON', 'Manon', '3D', NULL),
(1428, 'BESANCON', 'Thibault', '3D', NULL),
(1429, 'BLIE', 'Jules', '3D', NULL),
(1430, 'COGHE', 'Titouan', '3D', NULL),
(1431, 'CSERNAK', 'Ethann', '3D', NULL),
(1432, 'DESLANDE', 'Romaric', '3D', NULL),
(1433, 'FLAMENT', 'Alexandre', '3D', NULL),
(1434, 'FOFANA REVEL', 'Marius', '3D', NULL),
(1435, 'GOUGUET', 'Gwendal', '3D', NULL),
(1436, 'GUEGAN', 'Elwyn', '3D', NULL),
(1437, 'GUYOMARD', 'Louane', '3D', NULL),
(1438, 'HAMON', 'Maxence', '3D', NULL),
(1439, 'IDROBO', 'Emilio', '3D', NULL),
(1440, 'LE BOLLOCH', 'Noemie', '3D', NULL),
(1441, 'LELIEVRE', 'Brieuc', '3D', NULL),
(1442, 'LEMOINE', 'Marine', '3D', NULL),
(1443, 'LESAGE', 'Jules', '3D', NULL),
(1444, 'LONCLE', 'Annaig', '3D', NULL),
(1445, 'MORIN', 'Lana', '3D', NULL),
(1446, 'PERROT', 'Matheo', '3D', NULL),
(1447, 'ROULAND', 'Lindsey', '3D', NULL),
(1448, 'SANNIER', 'Lorentz', '3D', NULL),
(1449, 'THEBAULT', 'Lena', '3D', NULL),
(1450, 'JOUAN TARCHALA', 'Django', '3D', NULL),
(1451, 'MAZE DIT MIEUSEMENT', 'Anaelle', '3D', NULL),
(1452, 'LETOUZE', 'Mathis', '3E', NULL),
(1453, 'TROCHEL', 'Lea', '3E', NULL),
(1454, 'PANNETIER', 'Mathis', '3E', NULL),
(1455, 'BUGIANESI', 'Manon', '3E', NULL),
(1456, 'CHAUVIN RIDART', 'Victor', '3E', NULL),
(1457, 'CHERU', 'Eden', '3E', NULL),
(1458, 'CHEVALIER', 'Enais', '3E', NULL),
(1459, 'DE MATTOS', 'Lou-Anne', '3E', NULL),
(1460, 'DOUDARD', 'Yael', '3E', NULL),
(1461, 'DUFLOT', 'Jonas', '3E', NULL),
(1462, 'GEST', 'Anouk', '3E', NULL),
(1463, 'GUEGAN', 'Rosie', '3E', NULL),
(1464, 'GUERIN', 'Tineo', '3E', NULL),
(1465, 'GUIBOUT', 'Jeremy', '3E', NULL),
(1466, 'HAMON', 'Karl', '3E', NULL),
(1467, 'LE CHAPELAIN', 'Fantine', '3E', NULL),
(1468, 'LEMESLE', 'Karl', '3E', NULL),
(1469, 'MARCADE', 'Tiphany', '3E', NULL),
(1470, 'MORICEAU', 'Jules', '3E', NULL),
(1471, 'MOUBECHE', 'Lou', '3E', NULL),
(1472, 'PETROFF', 'Leandre', '3E', NULL),
(1473, 'ROUYER PENOT', 'Come', '3E', NULL),
(1474, 'VAUDELET', 'Clement', '3E', NULL),
(1475, 'WINTER', 'Anaelle', '3E', NULL),
(1476, 'LEMARCHAND', 'Julien', '3E', NULL),
(1477, 'CHAUVET', 'Sacha', '3E', NULL),
(1478, 'DUFEIL BOISHY', 'Leelou', '4A', NULL),
(1479, 'BERTHELOT', 'Louenn', '4A', NULL),
(1480, 'DREYFUS', 'Timeo', '4A', NULL),
(1481, 'GUEGUENIAT', 'Leina', '4A', NULL),
(1482, 'MAIGNANT OURY', 'Lino', '4A', NULL),
(1483, 'LEPAIGNEUL THOME', 'Noam', '4A', NULL),
(1484, 'MOUILLE', 'Even', '4A', NULL),
(1485, 'GABOREL', 'Louise', '4A', NULL),
(1486, 'LE VEZIEL', 'Albane', '4A', NULL),
(1487, 'DOUCERET', 'Angele', '4A', NULL),
(1488, 'DUBOIS HERGNO', 'Donovan', '4A', NULL),
(1489, 'BRIOT', 'Thomas', '4A', NULL),
(1490, 'DUHOO', 'Ambre', '4A', NULL),
(1491, 'GROS', 'Angele', '4A', NULL),
(1492, 'LE COANT', 'Justine', '4A', NULL),
(1493, 'LETOURNEL', 'Anael', '4A', NULL),
(1494, 'MARCHAND', 'Alwena', '4A', NULL),
(1495, 'PHILIPPE PERRIN', 'Hugo', '4A', NULL),
(1496, 'RAULT', 'Antoine', '4A', NULL),
(1497, 'CHAPRON', 'Rozenn', '4A', NULL),
(1498, 'MARTIN', 'Armand', '4A', NULL),
(1499, 'FLEURY', 'Loan', '4A', NULL),
(1500, 'JANVIER', 'Coline', '4A', NULL),
(1501, 'KPOTOLI', 'Gracia', '4A', NULL),
(1502, 'BRASSELET', 'Melvyn', '4A', NULL),
(1503, 'LESCARRET', 'Laureline', '4A', NULL),
(1504, 'TURMEL', 'Morgane', '4B', NULL),
(1505, 'FOUREL', 'Anaelle', '4B', NULL),
(1506, 'CARMES', 'Ninon', '4B', NULL),
(1507, 'COTTAIS', 'Tristan', '4B', NULL),
(1508, 'BRIQUET HENRI', 'Oanell', '4B', NULL),
(1509, 'BONCRISTIANO', 'Ethan', '4B', NULL),
(1510, 'PREMEAU', 'Nael', '4B', NULL),
(1511, 'RICHEUX', 'Jade', '4B', NULL),
(1512, 'RIVIERE', 'Mayane', '4B', NULL),
(1513, 'VARYZE MARTIN MARTINEZ', 'Leo', '4B', NULL),
(1514, 'ALLIOU', 'Aymeric', '4B', NULL),
(1515, 'GLATRE', 'Augustin', '4B', NULL),
(1516, 'HERVE', 'Titouan', '4B', NULL),
(1517, 'GLEMOT PALARIC', 'Lucien', '4B', NULL),
(1518, 'GRIFFE', 'Loumea', '4B', NULL),
(1519, 'SOLON', 'Loona', '4B', NULL),
(1520, 'DOUESNARD', 'Lola', '4B', NULL),
(1521, 'DISCALA', 'Mia', '4B', NULL),
(1522, 'HUGUET', 'Louna', '4B', NULL),
(1523, 'AHMARRAS PACHECO', 'Leo-Paul', '4B', NULL),
(1524, 'MESNAGE', 'Zelie', '4B', NULL),
(1525, 'CHENU', 'Maeva', '4B', NULL),
(1526, 'HERVE ROUX', 'Aelig', '4B', NULL),
(1527, 'PILAWA HODIESNE', 'Charlie', '4B', NULL),
(1528, 'MAZZOCCHI', 'Maximilien', '4B', NULL),
(1529, 'SERQUIER', 'Tom', '4B', NULL),
(1530, 'FURET', 'Vincent', '4C', NULL),
(1531, 'DIGUINY', 'Tristan', '4C', NULL),
(1532, 'AMAR HUET', 'Lili', '4C', NULL),
(1533, 'HARROUARD', 'Noha', '4C', NULL),
(1534, 'UY', 'Johan', '4C', NULL),
(1535, 'FOURNIER', 'Ilan', '4C', NULL),
(1536, 'FEJEAN', 'Soline', '4C', NULL),
(1537, 'BONENFANT', 'Basile', '4C', NULL),
(1538, 'LAGREE', 'Elouan', '4C', NULL),
(1539, 'BONFILS', 'Romain', '4C', NULL),
(1540, 'DAULY', 'Malo', '4C', NULL),
(1541, 'GUILLOT', 'Lilou', '4C', NULL),
(1542, 'HAMON', 'Jules', '4C', NULL),
(1543, 'LEHEUTRE', 'Arthur', '4C', NULL),
(1544, 'PERROT', 'Manu', '4C', NULL),
(1545, 'RONXIN', 'Louis', '4C', NULL),
(1546, 'BONNION', 'Louise', '4C', NULL),
(1547, 'GAUVAIN', 'Youna', '4C', NULL),
(1548, 'GUILLERM', 'Clara', '4C', NULL),
(1549, 'ROUXEL', 'Clemence', '4C', NULL),
(1550, 'LE CUNFF', 'Matteo', '4C', NULL),
(1551, 'PERREE', 'Mailine', '4C', NULL),
(1552, 'LE DU', 'Ambre', '4C', NULL),
(1553, 'SCODELLARO', 'Jules', '4C', NULL),
(1554, 'DUGAY', 'Gabin', '4C', NULL),
(1555, 'LEMESLE', 'Brune', '4C', NULL),
(1556, 'GUERRY', 'Maiwenn', '4D', NULL),
(1557, 'FELIN MARQUET', 'Raphaelle', '4D', NULL),
(1558, 'GESBET', 'Soen', '4D', NULL),
(1559, 'MERZOUK', 'Nahel', '4D', NULL),
(1560, 'LE BORGNE', 'Lenny', '4D', NULL),
(1561, 'PIEPLU', 'Manon', '4D', NULL),
(1562, 'PIAT', 'Keria', '4D', NULL),
(1563, 'HELLEQUIN', 'Loumen', '4D', NULL),
(1564, 'LOUESSARD COCHE', 'Kerry-Lynn', '4D', NULL),
(1565, 'DEMARLE PICARD', 'Ethan', '4D', NULL),
(1566, 'FERNANDEZ', 'Mathurin', '4D', NULL),
(1567, 'LASNON', 'Ethan', '4D', NULL),
(1568, 'LOIZANCE GUITTON', 'Louna', '4D', NULL),
(1569, 'PENSAR', 'Laurine', '4D', NULL),
(1570, 'PERRIN', 'Eloise', '4D', NULL),
(1571, 'BLOND', 'Margaux', '4D', NULL),
(1572, 'CIBERT', 'Angele', '4D', NULL),
(1573, 'BONTE', 'Titouan', '4D', NULL),
(1574, 'TAUPIN', 'Jonas', '4D', NULL),
(1575, 'DUCHENE', 'Eden', '4D', NULL),
(1576, 'GOASDOUE', 'Matteo', '4D', NULL),
(1577, 'GUERARD', 'Alaya', '4D', NULL),
(1578, 'FOURNIER', 'Chloe', '4D', NULL),
(1579, 'PAIN', 'Johan', '4D', NULL),
(1580, 'THOMAS', 'Nell', '4D', NULL),
(1581, 'CERMENATO', 'Matheo', '4D', NULL),
(1582, 'SAUZER', 'Guessy', '4D', NULL),
(1583, 'HAMON HEURTEBISE', 'Nais', '4E', NULL),
(1584, 'PIETRUSZEWSKI', 'Erwann', '4E', NULL),
(1585, 'FRADET', 'Erwan', '4E', NULL),
(1586, 'LECOULANT', 'Pauline', '4E', NULL),
(1587, 'LEMEE', 'Celia', '4E', NULL),
(1588, 'HAMON', 'Niels', '4E', NULL),
(1589, 'GESNEL', 'Rose', '4E', NULL),
(1590, 'RAZAFIMAMONJIARILALAO', 'Lise', '4E', NULL),
(1591, 'TOXE', 'Capucine', '4E', NULL),
(1592, 'PERENNES', 'Aaron', '4E', NULL),
(1593, 'ROPERT', 'Lyse', '4E', NULL),
(1594, 'DUVAL', 'Camille', '4E', NULL),
(1595, 'FOUGERIT', 'Tristan', '4E', NULL),
(1596, 'JAMET', 'Erwan', '4E', NULL),
(1597, 'AVRIL', 'Maelys', '4E', NULL),
(1598, 'DESBOIS', 'Jeanne', '4E', NULL),
(1599, 'POLI', 'Quentin', '4E', NULL),
(1600, 'OUDIN', 'Noah', '4E', NULL),
(1601, 'LEDUC', 'Manon', '4E', NULL),
(1602, 'LECHEVESTRIER', 'Margaux', '4E', NULL),
(1603, 'BERTEL', 'Chloe', '4E', NULL),
(1604, 'LEBRETON', 'Kimy', '4E', NULL),
(1605, 'LEPERE', 'Yannael', '4E', NULL),
(1606, 'SAUSSINE', 'Alix', '4E', NULL),
(1607, 'REBOURS', 'Jules', '4E', NULL),
(1608, 'RAMON', 'Zoe', '4E', NULL),
(1609, 'LEFEBVRE', 'Titouan', '4E', NULL),
(1610, 'HUCK', 'Gabriel', '5A', NULL),
(1611, 'MORVAN', 'Gaby', '5A', NULL),
(1612, 'BERHAULT', 'Louann', '5A', NULL),
(1613, 'LABARBE', 'Heloise', '5A', NULL),
(1614, 'DESHAIS', 'Leslie', '5A', NULL),
(1615, 'DE LA FUENTE', 'Esteban', '5A', NULL),
(1616, 'DUMAS', 'Baptiste', '5A', NULL),
(1617, 'VAZOU', 'Terii', '5A', NULL),
(1618, 'CSERNAK', 'Chloe', '5A', NULL),
(1619, 'ROUAULT', 'Kelyan', '5A', NULL),
(1620, 'LEVAVASSEUR MANDARD', 'Lindsay', '5A', NULL),
(1621, 'MUSU SIROIT', 'Manoe', '5A', NULL),
(1622, 'LAUTE BOUCHER', 'Eeva', '5A', NULL),
(1623, 'MORICE', 'Orlane', '5A', NULL),
(1624, 'TANGUY', 'Alice', '5A', NULL),
(1625, 'LATOUCHE', 'Nael', '5A', NULL),
(1626, 'MAILLARD', 'Clothilde', '5A', NULL),
(1627, 'CARCELLE', 'Maxine', '5A', NULL),
(1628, 'BLANCHARD', 'Tia', '5A', NULL),
(1629, 'PANFILI', 'Nina', '5A', NULL),
(1630, 'BRIOT', 'Clement', '5A', NULL),
(1631, 'CHOLET', 'Loris', '5A', NULL),
(1632, 'DELAUNAY', 'Svetlana', '5A', NULL),
(1633, 'FLAGEUL', 'Diane', '5A', NULL),
(1634, 'DUFAIT', 'Julie', '5A', NULL),
(1635, 'IMBERTI', 'Robin', '5A', NULL),
(1636, 'VIOLEAU RULLIERE', 'Erwan', '5A', NULL),
(1637, 'MOREAU', 'Maxine', '5A', NULL),
(1638, 'BESRET', 'Sacha', '5A', NULL),
(1639, 'MEKKAOUI', 'Yacine', '5A', NULL),
(1640, 'MORVAN', 'Mano', '5B', NULL),
(1641, 'TREHEL', 'Marie', '5B', NULL),
(1642, 'PERROT', 'Line', '5B', NULL),
(1643, 'PUIG', 'Gaizka', '5B', NULL),
(1644, 'GAUTHIER', 'Mael', '5B', NULL),
(1645, 'POUSSIN', 'Laura', '5B', NULL),
(1646, 'SIFI', 'Adam', '5B', NULL),
(1647, 'PERRE REGNIER', 'Elouen', '5B', NULL),
(1648, 'MARTIN DROUARD', 'Jade', '5B', NULL),
(1649, 'KIKANOI', 'Moana', '5B', NULL),
(1650, 'DIUZET', 'Romane', '5B', NULL),
(1651, 'LEROUX BACHELOT', 'Francois', '5B', NULL),
(1652, 'PARMENTIER', 'Theo', '5B', NULL),
(1653, 'VIGLIANO BINSFELD', 'Manoa', '5B', NULL),
(1654, 'HARDY', 'Soline', '5B', NULL),
(1655, 'MARC', 'Zoe', '5B', NULL),
(1656, 'NADAL', 'Enora', '5B', NULL),
(1657, 'ROBIOU LEVENE', 'Virgil', '5B', NULL),
(1658, 'SALMAGNE', 'Anais', '5B', NULL),
(1659, 'GICQUEL HESRY', 'Erwan', '5B', NULL),
(1660, 'COLLET', 'Lou', '5B', NULL),
(1661, 'LE ROY ADRIAN', 'Matteo', '5B', NULL),
(1662, 'LENOIR', 'Erine', '5B', NULL),
(1663, 'DOUABIN', 'Eva', '5B', NULL),
(1664, 'LE BELLEC', 'Mahe', '5B', NULL),
(1665, 'LEMOUSSU COQUELIN', 'Katell', '5B', NULL),
(1666, 'AYRAULT', 'Zelie', '5B', NULL),
(1667, 'PADE', 'Ethan', '5B', NULL),
(1668, 'CHATELET', 'Melen', '5B', NULL),
(1669, 'NHIANOU', 'Tao', '5B', NULL),
(1670, 'HUMBERT DROZ', 'Laurent', '5C', NULL),
(1671, 'CLECH BOURDIER', 'Alois', '5C', NULL),
(1672, 'CHON', 'Pauline', '5C', NULL),
(1673, 'LEROY', 'Lucas', '5C', NULL),
(1674, 'CATHELINE', 'Romy', '5C', NULL),
(1675, 'MENARD', 'Sidwenn', '5C', NULL),
(1676, 'JOSSELIN', 'Simon', '5C', NULL),
(1677, 'BOURGEAULT', 'Arthur', '5C', NULL),
(1678, 'BIDAULT', 'Kais', '5C', NULL),
(1679, 'GRIPON', 'Melvyn', '5C', NULL),
(1680, 'HUMBERT', 'Jasmine', '5C', NULL),
(1681, 'LEGAULT', 'Aline', '5C', NULL),
(1682, 'FELIN', 'Kiliann', '5C', NULL),
(1683, 'CHABAUD CANTIAN', 'Margo', '5C', NULL),
(1684, 'LEUX', 'Louna', '5C', NULL),
(1685, 'BOCHER', 'Leo', '5C', NULL),
(1686, 'FERRON', 'Marius', '5C', NULL),
(1687, 'MANDARD', 'Ella', '5C', NULL),
(1688, 'BRICHE', 'Cassy', '5C', NULL),
(1689, 'COUEFFE', 'Lena', '5C', NULL),
(1690, 'FAYE', 'Yuna', '5C', NULL),
(1691, 'NODARI', 'Giovani', '5C', NULL),
(1692, 'DOS SANTOS LE GAT', 'Aecio', '5C', NULL),
(1693, 'JOLIVEL', 'Timeo', '5C', NULL),
(1694, 'LEBRETON', 'Lily', '5C', NULL),
(1695, 'CLAYE', 'Yanis', '5C', NULL),
(1696, 'LE BOLLOCH', 'Tiphaine', '5C', NULL),
(1697, 'CHOLVY', 'Pauline', '5C', NULL),
(1698, 'COLIN', 'Darry', '5C', NULL),
(1699, 'CHESNEL MORVAN', 'Manon', '5C', NULL),
(1700, 'LEFORT', 'Youenn', '5D', NULL),
(1701, 'DE SAINT JEAN', 'Melissa', '5D', NULL),
(1702, 'MARIE', 'Lina', '5D', NULL),
(1703, 'DELCOURT', 'Lenny', '5D', NULL),
(1704, 'GUILLEMANT', 'Mathis', '5D', NULL),
(1705, 'BARBIER', 'Raphael', '5D', NULL),
(1706, 'CHAN WING', 'Thais', '5D', NULL),
(1707, 'GOURMELON', 'Mayeul', '5D', NULL),
(1708, 'CHENY', 'Augustin', '5D', NULL),
(1709, 'LATAPIE BILLAT', 'Morganne', '5D', NULL),
(1710, 'FONTAINE', 'Jules', '5D', NULL),
(1711, 'JUBAULT', 'Noemie', '5D', NULL),
(1712, 'CHEVALIER', 'Liam', '5D', NULL),
(1713, 'GUERRIER', 'Eliott', '5D', NULL),
(1714, 'CAVIGNEAUX', 'Nael', '5D', NULL),
(1715, 'L HOSTIS', 'Margot', '5D', NULL),
(1716, 'BEVAN GALLAIS', 'Nolan', '5D', NULL),
(1717, 'CARCELLE', 'Alexia', '5D', NULL),
(1718, 'HEUZE', 'Manon', '5D', NULL),
(1719, 'MADELINE', 'Lise', '5D', NULL),
(1720, 'VAN KILSDONK DUPUIS', 'Enola', '5D', NULL),
(1721, 'GUIBERT', 'Lily-May', '5D', NULL),
(1722, 'GUIBERT', 'Noe', '5D', NULL),
(1723, 'DELORD DENIS', 'Maxence', '5D', NULL),
(1724, 'LETEXIER', 'Gabin', '5D', NULL),
(1725, 'PERROUD', 'Ethan', '5D', NULL),
(1726, 'ACEITUNO', 'Camille', '5D', NULL),
(1727, 'BROCHU', 'Ines', '5D', NULL),
(1728, 'CARNEIRO', 'Apolline', '5D', NULL),
(1729, 'MARTIN LEGUEN', 'Kyrio', '5D', NULL),
(1730, 'ARRIBARD', 'Julien', '5E', NULL),
(1731, 'ARRIBARD', 'Justine', '5E', NULL),
(1732, 'HODEMON', 'Lou', '5E', NULL),
(1733, 'PERRON', 'Lailoken', '5E', NULL),
(1734, 'MEGARISSE', 'Louna', '5E', NULL),
(1735, 'ANGLES RUAULT', 'Titouan', '5E', NULL),
(1736, 'JEGOU', 'Youenn', '5E', NULL),
(1737, 'FEUILLET', 'Zya', '5E', NULL),
(1738, 'MERZOUK', 'Sihem', '5E', NULL),
(1739, 'SALIS HERTZOG', 'Victor', '5E', NULL),
(1740, 'CHEBLI', 'Anis', '5E', NULL),
(1741, 'ROUSSEL', 'Rayane', '5E', NULL),
(1742, 'SOULBIEU', 'Marc', '5E', NULL),
(1743, 'TANSINI', 'Charlotte', '5E', NULL),
(1744, 'SALINAS', 'Rosalie', '5E', NULL),
(1745, 'GOUTAYER', 'Ines', '5E', NULL),
(1746, 'BOUILLOT', 'Timeo', '5E', NULL),
(1747, 'DOS SANTOS LE GAT', 'Kemuel', '5E', NULL),
(1748, 'ESSIRARD', 'Kylian', '5E', NULL),
(1749, 'IDROBO', 'Eva', '5E', NULL),
(1750, 'JAMET', 'Soline', '5E', NULL),
(1751, 'KABALO', 'Mani', '5E', NULL),
(1752, 'LEROY', 'Malena', '5E', NULL),
(1753, 'LUCAS', 'Mathilde', '5E', NULL),
(1754, 'METIVIER', 'Augustin', '5E', NULL),
(1755, 'PATE BOURDAIS', 'Leonie', '5E', NULL),
(1756, 'TREHIN', 'Nael', '5E', NULL),
(1757, 'SIMON', 'Clement', '5E', NULL),
(1758, 'VAUDELET', 'Thomas', '5E', NULL),
(1759, 'MARTINEAU', 'Merlin', '6A', NULL),
(1760, 'AVRIL', 'Antoine', '6A', NULL),
(1761, 'GARCIA', 'Maiwen', '6A', NULL),
(1762, 'THAMIN GARCIA', 'Yael', '6A', NULL),
(1763, 'PASQUER', 'Arthur', '6A', NULL),
(1764, 'PICOT', 'Lily', '6A', NULL),
(1765, 'DOSSE', 'Loevan', '6A', NULL),
(1766, 'JEZEGOU', 'Gabin', '6A', NULL),
(1767, 'BACCON', 'Mael', '6A', NULL),
(1768, 'CORBEAUX', 'Talia', '6A', NULL),
(1769, 'LANGUILLE LECLERC', 'Jude', '6A', NULL),
(1770, 'MOISAN', 'Lola', '6A', NULL),
(1771, 'POTEL', 'Arthur', '6A', NULL),
(1772, 'LEON COUSIN', 'Romane', '6A', NULL),
(1773, 'FOUILLARD SAMSON', 'Eouan', '6A', NULL),
(1774, 'CAILLY', 'Lya', '6A', NULL),
(1775, 'PERTUISEL', 'Gabrielle', '6A', NULL),
(1776, 'GAUTIER TREFELLE', 'Maina', '6A', NULL),
(1777, 'LA BEE BROSSE', 'Emy', '6A', NULL),
(1778, 'LOIT', 'Abby-Gaelle', '6A', NULL),
(1779, 'PENSAR', 'Zoe', '6A', NULL),
(1780, 'LAISNE', 'Hugo', '6A', NULL),
(1781, 'BODILA', 'Emie', '6A', NULL),
(1782, 'DUBOIS', 'Leo', '6A', NULL),
(1783, 'LORIN', 'Camille', '6A', NULL),
(1784, 'GABOREL', 'Kristen', '6A', NULL),
(1785, 'ANDRE', 'Gaspard', '6A', NULL),
(1786, 'DOSSE', 'Lyna', '6A', NULL),
(1787, 'DEBROIZE', 'Tom', '6A', NULL),
(1788, 'PATRY', 'Jade', '6A', NULL),
(1789, 'MOULINOT', 'Antoine', '6B', NULL),
(1790, 'LUNEAU PILA', 'Maelia', '6B', NULL),
(1791, 'MASSON', 'Manon', '6B', NULL),
(1792, 'VAUDELET', 'Elize', '6B', NULL),
(1793, 'VAUDELET', 'Juliette', '6B', NULL),
(1794, 'LEONARD', 'Noemie', '6B', NULL),
(1795, 'CHOPIN', 'Ylenzo', '6B', NULL),
(1796, 'TRIBALET', 'Meloe', '6B', NULL),
(1797, 'VALAIS', 'Li-Lou', '6B', NULL),
(1798, 'GAUTIER', 'Lily', '6B', NULL),
(1799, 'NIQUEL', 'Telio', '6B', NULL),
(1800, 'DESBOIS', 'Briac', '6B', NULL),
(1801, 'POREE', 'Samuel', '6B', NULL),
(1802, 'HAMARD', 'Arsene', '6B', NULL),
(1803, 'VIGNON', 'Aogan', '6B', NULL),
(1804, 'LEFEVRE', 'Leon', '6B', NULL),
(1805, 'POILLY', 'Ryan', '6B', NULL),
(1806, 'PLESSIS FOLLET', 'Melina', '6B', NULL),
(1807, 'LONCLE', 'Maelys', '6B', NULL),
(1808, 'VEILLON', 'Lola', '6B', NULL),
(1809, 'HARROUARD', 'Tais', '6B', NULL),
(1810, 'BONNEFOY MORIN', 'Nathanaelle', '6B', NULL),
(1811, 'ANDRE', 'June', '6B', NULL),
(1812, 'JOUNOT CHEVRIER', 'Ethan', '6B', NULL),
(1813, 'BERTEL', 'Mael', '6B', NULL),
(1814, 'ANISIS', 'Hector', '6B', NULL),
(1815, 'VAN EECLOO BRESSON', 'Evoe', '6B', NULL),
(1816, 'LE VEZIEL', 'Pacome', '6B', NULL),
(1817, 'CHOTARD', 'Shanna', '6B', NULL),
(1818, 'DELAHAYE', 'Ines', '6B', NULL),
(1819, 'CARMES', 'Robin', '6C', NULL),
(1820, 'PETIT', 'Kymie', '6C', NULL),
(1821, 'SOLON', 'Lucas', '6C', NULL),
(1822, 'ROULAND', 'Steven', '6C', NULL),
(1823, 'JAOUEN', 'Bastien', '6C', NULL),
(1824, 'NORTIER DESQUESSES', 'Malo', '6C', NULL),
(1825, 'SERRAND', 'Jules', '6C', NULL),
(1826, 'LABBE', 'Gabin', '6C', NULL),
(1827, 'BOUSON', 'Camille', '6C', NULL),
(1828, 'FEJEAN', 'Kelig', '6C', NULL),
(1829, 'HERVE', 'Yuna', '6C', NULL),
(1830, 'CHESNEL MORVAN', 'Enora', '6C', NULL),
(1831, 'LEMOINE', 'Marin', '6C', NULL),
(1832, 'SAUSSINE', 'Achille', '6C', NULL),
(1833, 'NIREL', 'Charlie', '6C', NULL),
(1834, 'TESSIER', 'Zoe', '6C', NULL),
(1835, 'CHARUEL', 'Elouan', '6C', NULL),
(1836, 'ADAM', 'Juliette', '6C', NULL),
(1837, 'DOS SANTOS LECLERC', 'Naomi', '6C', NULL),
(1838, 'LE BOLLOCH', 'Emma', '6C', NULL),
(1839, 'FALQUERHO', 'Ethan', '6C', NULL),
(1840, 'CAUCHY', 'Clotilde', '6C', NULL),
(1841, 'ROSSIGNOL', 'Felix', '6C', NULL),
(1842, 'HAREL', 'Lina', '6C', NULL),
(1843, 'LAUTE BOUCHER', 'Louna', '6C', NULL),
(1844, 'RICHARD THOMAS', 'Maelysse', '6C', NULL),
(1845, 'DUCHESNE', 'Arthur', '6C', NULL),
(1846, 'RIOU', 'Shaines', '6C', NULL),
(1847, 'DAULY', 'Blandine', '6C', NULL),
(1848, 'THEBAULT', 'Tim', '6C', NULL),
(1849, 'DUBOIS', 'Anais', '6D', NULL),
(1850, 'MORICEAU', 'Gaspard', '6D', NULL),
(1851, 'FERRAND DESMARES', 'Gabriel', '6D', NULL),
(1852, 'TALVAT', 'Romane', '6D', NULL),
(1853, 'ERRAOUD', 'Lila', '6D', NULL),
(1854, 'CARIBAUX BARRIT', 'Ely', '6D', NULL),
(1855, 'ROLLERI HAMON', 'Evan', '6D', NULL),
(1856, 'VECELLIO NONE', 'Enora', '6D', NULL),
(1857, 'PARMENTIER', 'Hugo', '6D', NULL),
(1858, 'FAYE', 'Mame-Alioune', '6D', NULL),
(1859, 'GRANGY', 'Guylan', '6D', NULL),
(1860, 'BOULOGNE', 'Teri', '6D', NULL),
(1861, 'FUCHSBAUER', 'Tina', '6D', NULL),
(1862, 'HENRY', 'Liza', '6D', NULL),
(1863, 'RAYET', 'Ylwa', '6D', NULL),
(1864, 'TREGARO', 'Lison', '6D', NULL),
(1865, 'GHAZI', 'Keridhine', '6D', NULL),
(1866, 'LEBELLOUR', 'Romane', '6D', NULL),
(1867, 'CARBOULLEC POILDEVIN', 'Zahia', '6D', NULL),
(1868, 'THOMAS', 'Jayann', '6D', NULL),
(1869, 'MUSSO ETTOUIL', 'Celhya', '6D', NULL),
(1870, 'MAQUIN', 'Soua', '6D', NULL),
(1871, 'BERTIN', 'Line', '6D', NULL),
(1872, 'LELIEVRE', 'Noe', '6D', NULL),
(1873, 'CHEVALIER', 'Noe', '6D', NULL),
(1874, 'LE CUNFF', 'Louise', '6D', NULL),
(1875, 'LEMESLE', 'Antoine', '6D', NULL),
(1876, 'SERRAND RUBIN', 'Gaspard', '6D', NULL),
(1877, 'BIGUE BERTHELOT', 'Enael', '6D', NULL),
(1878, 'EON', 'Youna', '6E', NULL),
(1879, 'HURAULT GINGUENE', 'Arthur', '6E', NULL),
(1880, 'BREBEL', 'Lana', '6E', NULL),
(1881, 'ALLAIN REVAULT', 'Jade', '6E', NULL),
(1882, 'MORIN', 'Lylwenn', '6E', NULL),
(1883, 'QUENEHAN', 'Marion', '6E', NULL),
(1884, 'ARCHAMBEAU', 'Liam', '6E', NULL),
(1885, 'MAREC', 'Aurore', '6E', NULL),
(1886, 'TOUTAIN', 'Iwan', '6E', NULL),
(1887, 'TURMEL', 'Redwan', '6E', NULL),
(1888, 'TRAVERS', 'Faustine', '6E', NULL),
(1889, 'COLAS', 'Loize', '6E', NULL),
(1890, 'GATE', 'Steven', '6E', NULL),
(1891, 'ALLANIC', 'Lubin', '6E', NULL),
(1892, 'REAUD', 'Margaux', '6E', NULL),
(1893, 'MICHEL', 'Gurvan', '6E', NULL),
(1894, 'MACE', 'Ilann', '6E', NULL),
(1895, 'COLIN', 'Lucia', '6E', NULL),
(1896, 'ROUQUETTE', 'Isaelle', '6E', NULL),
(1897, 'GAUTIER', 'Sihem', '6E', NULL),
(1898, 'CHEVALIER', 'Mailo', '6E', NULL),
(1899, 'LE COZ', 'Lukas', '6E', NULL),
(1900, 'LEDRU', 'Tristan', '6E', NULL),
(1901, 'FRANKOWSKI', 'Valentine', '6E', NULL),
(1902, 'LEGRIS', 'Chloe', '6E', NULL),
(1903, 'DOUDARD', 'Marilou', '6E', NULL),
(1904, 'LAMBERT BROCHET', 'Sasha', '6E', NULL),
(1905, 'BRASSELET', 'Romann', '6E', NULL),
(1906, 'SOULOUMIAC', 'Mael', '6E', NULL),
(1907, 'GAUDIN BRIAND', 'Leanne', '6E', NULL),
(1908, 'PRIME', 'Alan', '3F', NULL),
(1909, 'WEECXSTEEN', 'Lino', '3F', NULL),
(1910, 'ALBERNY BELLIARD', 'Emma', '3F', NULL),
(1911, 'AUDRIN', 'Victor', '3F', NULL),
(1912, 'BERCQ', 'Matteo', '3F', NULL),
(1913, 'BROHAN', 'Maelys', '3F', NULL),
(1914, 'CHEHU', 'Ethan', '3F', NULL),
(1915, 'DEGAUCHY', 'Enoee', '3F', NULL),
(1916, 'FOUILLARD SAMSON', 'Youen', '3F', NULL),
(1917, 'GUERIN DUBOIS', 'Maiann', '3F', NULL),
(1918, 'GUILBERT', 'Axel', '3F', NULL),
(1919, 'HUNAUT', 'Victoria', '3F', NULL),
(1920, 'LAINE', 'Margaux', '3F', NULL),
(1921, 'LE PALUD', 'Aumelia', '3F', NULL),
(1922, 'LEFEBVRE', 'Lorenzo', '3F', NULL),
(1923, 'MARTINEAU', 'Lea', '3F', NULL),
(1924, 'MERONO', 'Tiago', '3F', NULL),
(1925, 'MERZOUK', 'Sohan', '3F', NULL),
(1926, 'PENHOAT', 'Jules', '3F', NULL),
(1927, 'PERRINEL', 'Zoe', '3F', NULL),
(1928, 'PRADERE', 'Lenaik', '3F', NULL),
(1929, 'RUCET', 'Elias', '3F', NULL),
(1930, 'SAMSON', 'Louka', '3F', NULL),
(1931, 'TAILLARD', 'Paul', '3F', NULL),
(1932, 'BODILA', 'Nayim', '3F', NULL),
(1933, 'GAUDIN', 'Maela', '3F', NULL),
(1934, 'DELAHAYE', 'Johann', '3F', NULL),
(1935, 'LE COZ', 'Enzo', '5A', NULL),
(1936, 'Ménard', 'chrostophe', 'GS', NULL),
(1937, 'Pitel', 'Tugdual', 'GS', NULL),
(1938, 'Léon', 'Gérard', 'GS', NULL),
(1939, 'Température', '°C', 'Mesures', NULL),
(1940, 'Pression', 'Mpa', 'Mesures', NULL),
(1941, 'Humidité', '%', 'Mesures', NULL),
(1942, 'Distance', 'm', 'Mesures', NULL),
(1943, 'Vitesse', 'Km/h', 'Mesures', NULL),
(1944, 'Vitesse', 'm/s', 'Mesures', NULL),
(1945, 'Masse', 'Kg', 'Mesure', NULL);

--
-- Index pour les tables déchargées
--

--
-- Index pour la table `activites`
--
ALTER TABLE `activites`
  ADD PRIMARY KEY (`id`);

--
-- Index pour la table `datas`
--
ALTER TABLE `datas`
  ADD PRIMARY KEY (`id`),
  ADD KEY `idx_id_epreuve` (`id_activite`),
  ADD KEY `idx_id_participant` (`id_participant`);

--
-- Index pour la table `participants`
--
ALTER TABLE `participants`
  ADD PRIMARY KEY (`id`),
  ADD KEY `idx_id_epreuve` (`id_activite`),
  ADD KEY `idx_id_user` (`id_user`);

--
-- Index pour la table `users`
--
ALTER TABLE `users`
  ADD PRIMARY KEY (`id`);

--
-- AUTO_INCREMENT pour les tables déchargées
--

--
-- AUTO_INCREMENT pour la table `activites`
--
ALTER TABLE `activites`
  MODIFY `id` int(11) NOT NULL AUTO_INCREMENT, AUTO_INCREMENT=16;

--
-- AUTO_INCREMENT pour la table `datas`
--
ALTER TABLE `datas`
  MODIFY `id` int(11) NOT NULL AUTO_INCREMENT, AUTO_INCREMENT=918;

--
-- AUTO_INCREMENT pour la table `participants`
--
ALTER TABLE `participants`
  MODIFY `id` int(11) NOT NULL AUTO_INCREMENT, AUTO_INCREMENT=398;

--
-- AUTO_INCREMENT pour la table `users`
--
ALTER TABLE `users`
  MODIFY `id` int(11) NOT NULL AUTO_INCREMENT, AUTO_INCREMENT=1946;

--
-- Contraintes pour les tables déchargées
--

--
-- Contraintes pour la table `datas`
--
ALTER TABLE `datas`
  ADD CONSTRAINT `datas_ibfk_1` FOREIGN KEY (`id_activite`) REFERENCES `activites` (`id`) ON DELETE CASCADE ON UPDATE CASCADE,
  ADD CONSTRAINT `datas_ibfk_2` FOREIGN KEY (`id_participant`) REFERENCES `participants` (`id`) ON DELETE CASCADE ON UPDATE CASCADE;

--
-- Contraintes pour la table `participants`
--
ALTER TABLE `participants`
  ADD CONSTRAINT `participants_ibfk_1` FOREIGN KEY (`id_user`) REFERENCES `users` (`id`) ON DELETE CASCADE ON UPDATE CASCADE,
  ADD CONSTRAINT `participants_ibfk_2` FOREIGN KEY (`id_activite`) REFERENCES `activites` (`id`) ON DELETE CASCADE ON UPDATE CASCADE;
COMMIT;

/*!40101 SET CHARACTER_SET_CLIENT=@OLD_CHARACTER_SET_CLIENT */;
/*!40101 SET CHARACTER_SET_RESULTS=@OLD_CHARACTER_SET_RESULTS */;
/*!40101 SET COLLATION_CONNECTION=@OLD_COLLATION_CONNECTION */;
